<!-- [ Mirror metadata ] generatedAt: 1457336357693 -->
<!-- Generated screen file. Fill the id tags below with content with
which to populate your previewed layout. For a complete specification
of sample data, please see http://jimulabs.com/sample-data-specifications/ 

Valid attributes on <screen> tag: theme="@style/someTheme" inEditMode="false" overlay="@drawable/mockup" -->
<screen>
    <_content layout="@layout/coupon_detail">
        <!-- ImageView Examples:
        <iv_browse src="@drawable/image_resource" />
        <iv_browse src="relative_path/image.jpg" /> -->
        <iv_browse />
        <!-- TextView Examples:
        <tv_browse text="@string/string_resource" />
        <tv_browse text="Text literal" textSize="14sp" /> -->
        <tv_browse />
        <iv_like />
        <tv_like />
    </_content>
</screen>
