<!-- [ Mirror metadata ] generatedAt: 1457336357962 -->
<!-- Generated screen file. Fill the id tags below with content with
which to populate your previewed layout. For a complete specification
of sample data, please see http://jimulabs.com/sample-data-specifications/ 

Valid attributes on <screen> tag: theme="@style/someTheme" inEditMode="false" overlay="@drawable/mockup" -->
<screen>
    <_content layout="@layout/item_mycoupon">
        <!-- TextView Examples:
        <goods_content text="@string/string_resource" />
        <goods_content text="Text literal" textSize="14sp" /> -->
        <goods_content />
        <coupon_fromdate />
        <coupon_center />
        <coupon_todate />
        <!-- ImageView Examples:
        <goods_img src="@drawable/image_resource" />
        <goods_img src="relative_path/image.jpg" /> -->
        <goods_img />
    </_content>
</screen>
