<!-- [ Mirror metadata ] generatedAt: 1457336358053 -->
<!-- Generated screen file. Fill the id tags below with content with
which to populate your previewed layout. For a complete specification
of sample data, please see http://jimulabs.com/sample-data-specifications/ 

Valid attributes on <screen> tag: theme="@style/someTheme" inEditMode="false" overlay="@drawable/mockup" -->
<screen>
    <actionbar showTabsFor="@id/pager"/>
    <_content layout="@layout/item_show_goodview">
        <pager>
            <!-- Add pages to your ViewPager here like so:
            <_page title="page title" icon="@drawable/my_icon"/>
            <_page layout="@layout/my_page_layout">
                <my_image_view src="@drawable/my_image"/>
            </_page>
            -->
        </pager>
        <!-- TextView Examples:
        <tv_num text="@string/string_resource" />
        <tv_num text="Text literal" textSize="14sp" /> -->
        <tv_num />
    </_content>
</screen>
