<!-- [ Mirror metadata ] generatedAt: 1457336358181 -->
<!-- Generated screen file. Fill the id tags below with content with
which to populate your previewed layout. For a complete specification
of sample data, please see http://jimulabs.com/sample-data-specifications/ 

Valid attributes on <screen> tag: theme="@style/someTheme" inEditMode="false" overlay="@drawable/mockup" -->
<screen>
    <_content layout="@layout/myself_goods_details">
        <!-- TextView Examples:
        <tv_price text="@string/string_resource" />
        <tv_price text="Text literal" textSize="14sp" /> -->
        <tv_price />
        <tv_old_price />
        <tv_nickName />
        <tv_his_shop />
        <tv_begin_time />
        <tv_school />
        <tv_introduction />
        <tv_linker />
        <tv_tele_phone />
        <tv_type />
        <!-- ImageView Examples:
        <iv_like src="@drawable/image_resource" />
        <iv_like src="relative_path/image.jpg" /> -->
        <iv_like />
        <tv_like />
    </_content>
</screen>
