<!-- [ Mirror metadata ] generatedAt: 1457336358278 -->
<!-- Generated screen file. Fill the id tags below with content with
which to populate your previewed layout. For a complete specification
of sample data, please see http://jimulabs.com/sample-data-specifications/ 

Valid attributes on <screen> tag: theme="@style/someTheme" inEditMode="false" overlay="@drawable/mockup" -->
<screen>
    <_content layout="@layout/school_item">
        <!-- ImageView Examples:
        <iv_message src="@drawable/image_resource" />
        <iv_message src="relative_path/image.jpg" /> -->
        <iv_message />
        <!-- TextView Examples:
        <tv_message text="@string/string_resource" />
        <tv_message text="Text literal" textSize="14sp" /> -->
        <tv_message />
        <iv_like />
        <tv_like />
    </_content>
</screen>
